,fecha_opreal,hora_opreal,central_infotecnica_id,central_nombre,central_tipo,central_tipo_nemotecnico,generacion_real_mwh,generacion_real_ernc_mwh
255,2021-04-01,1,193,HP FLORIDA III,Hidráulica,hidraulica,2.3,0.0
361,2021-04-01,10,193,HP FLORIDA III,Hidráulica,hidraulica,2.3,0.0
1183,2021-04-01,2,193,HP FLORIDA III,Hidráulica,hidraulica,2.3,0.0
2163,2021-04-01,3,193,HP FLORIDA III,Hidráulica,hidraulica,2.3,0.0
2790,2021-04-01,12,193,HP FLORIDA III,Hidráulica,hidraulica,2.3,0.0
3009,2021-04-01,4,193,HP FLORIDA III,Hidráulica,hidraulica,2.3,0.0
3811,2021-04-01,5,193,HP FLORIDA III,Hidráulica,hidraulica,2.3,0.0
4763,2021-04-01,6,193,HP FLORIDA III,Hidráulica,hidraulica,2.3,0.0
5637,2021-04-01,8,193,HP FLORIDA III,Hidráulica,hidraulica,2.3,0.0
5658,2021-04-01,13,193,HP FLORIDA III,Hidráulica,hidraulica,2.3,0.0
6911,2021-04-01,14,193,HP FLORIDA III,Hidráulica,hidraulica,2.3,0.0
7095,2021-04-01,20,193,HP FLORIDA III,Hidráulica,hidraulica,2.3,0.0
8116,2021-04-01,15,193,HP FLORIDA III,Hidráulica,hidraulica,2.3,0.0
8350,2021-04-01,7,193,HP FLORIDA III,Hidráulica,hidraulica,2.3,0.0
9224,2021-04-01,9,193,HP FLORIDA III,Hidráulica,hidraulica,2.3,0.0
10150,2021-04-01,11,193,HP FLORIDA III,Hidráulica,hidraulica,2.3,0.0
10313,2021-04-01,16,193,HP FLORIDA III,Hidráulica,hidraulica,2.3,0.0
11460,2021-04-01,17,193,HP FLORIDA III,Hidráulica,hidraulica,2.3,0.0
12124,2021-04-01,18,193,HP FLORIDA III,Hidráulica,hidraulica,2.3,0.0
12789,2021-04-01,19,193,HP FLORIDA III,Hidráulica,hidraulica,2.3,0.0
13454,2021-04-01,21,193,HP FLORIDA III,Hidráulica,hidraulica,2.3,0.0
14119,2021-04-01,22,193,HP FLORIDA III,Hidráulica,hidraulica,2.3,0.0
14784,2021-04-01,23,193,HP FLORIDA III,Hidráulica,hidraulica,2.3,0.0
15449,2021-04-01,24,193,HP FLORIDA III,Hidráulica,hidraulica,2.3,0.0
16155,2021-04-02,2,193,HP FLORIDA III,Hidráulica,hidraulica,2.3,0.0
16769,2021-04-02,22,193,HP FLORIDA III,Hidráulica,hidraulica,2.3,0.0
16984,2021-04-02,3,193,HP FLORIDA III,Hidráulica,hidraulica,2.3,0.0
18096,2021-04-02,4,193,HP FLORIDA III,Hidráulica,hidraulica,2.3,0.0
18311,2021-04-02,1,193,HP FLORIDA III,Hidráulica,hidraulica,2.3,0.0
19357,2021-04-02,9,193,HP FLORIDA III,Hidráulica,hidraulica,2.3,0.0
19681,2021-04-02,5,193,HP FLORIDA III,Hidráulica,hidraulica,2.3,0.0
20879,2021-04-02,6,193,HP FLORIDA III,Hidráulica,hidraulica,2.3,0.0
20987,2021-04-02,15,193,HP FLORIDA III,Hidráulica,hidraulica,2.3,0.0
22089,2021-04-02,7,193,HP FLORIDA III,Hidráulica,hidraulica,2.3,0.0
22753,2021-04-02,8,193,HP FLORIDA III,Hidráulica,hidraulica,2.3,0.0
23417,2021-04-02,10,193,HP FLORIDA III,Hidráulica,hidraulica,2.3,0.0
24081,2021-04-02,11,193,HP FLORIDA III,Hidráulica,hidraulica,2.3,0.0
24745,2021-04-02,12,193,HP FLORIDA III,Hidráulica,hidraulica,2.3,0.0
25409,2021-04-02,13,193,HP FLORIDA III,Hidráulica,hidraulica,2.3,0.0
26073,2021-04-02,14,193,HP FLORIDA III,Hidráulica,hidraulica,2.3,0.0
26737,2021-04-02,16,193,HP FLORIDA III,Hidráulica,hidraulica,2.3,0.0
27400,2021-04-02,17,193,HP FLORIDA III,Hidráulica,hidraulica,2.3,0.0
28063,2021-04-02,18,193,HP FLORIDA III,Hidráulica,hidraulica,2.3,0.0
28727,2021-04-02,19,193,HP FLORIDA III,Hidráulica,hidraulica,2.3,0.0
29391,2021-04-02,20,193,HP FLORIDA III,Hidráulica,hidraulica,2.3,0.0
30055,2021-04-02,21,193,HP FLORIDA III,Hidráulica,hidraulica,2.3,0.0
30719,2021-04-02,23,193,HP FLORIDA III,Hidráulica,hidraulica,2.3,0.0
31383,2021-04-02,24,193,HP FLORIDA III,Hidráulica,hidraulica,2.3,0.0
32141,2021-04-03,1,193,HP FLORIDA III,Hidráulica,hidraulica,2.3,0.0
32295,2021-04-03,11,193,HP FLORIDA III,Hidráulica,hidraulica,2.3,0.0
33380,2021-04-03,2,193,HP FLORIDA III,Hidráulica,hidraulica,2.3,0.0
33623,2021-04-03,13,193,HP FLORIDA III,Hidráulica,hidraulica,2.3,0.0
34691,2021-04-03,3,193,HP FLORIDA III,Hidráulica,hidraulica,2.3,0.0
34950,2021-04-03,14,193,HP FLORIDA III,Hidráulica,hidraulica,2.3,0.0
36108,2021-04-03,15,193,HP FLORIDA III,Hidráulica,hidraulica,2.3,0.0
36211,2021-04-03,4,193,HP FLORIDA III,Hidráulica,hidraulica,2.3,0.0
37463,2021-04-03,16,193,HP FLORIDA III,Hidráulica,hidraulica,2.3,0.0
37516,2021-04-03,6,193,HP FLORIDA III,Hidráulica,hidraulica,2.3,0.0
38781,2021-04-03,7,193,HP FLORIDA III,Hidráulica,hidraulica,2.3,0.0
38920,2021-04-03,17,193,HP FLORIDA III,Hidráulica,hidraulica,2.3,0.0
40012,2021-04-03,18,193,HP FLORIDA III,Hidráulica,hidraulica,2.3,0.0
40224,2021-04-03,8,193,HP FLORIDA III,Hidráulica,hidraulica,2.3,0.0
41152,2021-04-03,19,193,HP FLORIDA III,Hidráulica,hidraulica,2.3,0.0
41784,2021-04-03,9,193,HP FLORIDA III,Hidráulica,hidraulica,2.3,0.0
42369,2021-04-03,20,193,HP FLORIDA III,Hidráulica,hidraulica,2.3,0.0
43456,2021-04-03,10,193,HP FLORIDA III,Hidráulica,hidraulica,2.3,0.0
43519,2021-04-03,21,193,HP FLORIDA III,Hidráulica,hidraulica,2.3,0.0
44554,2021-04-03,22,193,HP FLORIDA III,Hidráulica,hidraulica,2.3,0.0
45023,2021-04-03,12,193,HP FLORIDA III,Hidráulica,hidraulica,2.3,0.0
45820,2021-04-03,25,193,HP FLORIDA III,Hidráulica,hidraulica,2.3,0.0
46451,2021-04-03,24,193,HP FLORIDA III,Hidráulica,hidraulica,2.3,0.0
46896,2021-04-03,5,193,HP FLORIDA III,Hidráulica,hidraulica,2.3,0.0
47976,2021-04-03,23,193,HP FLORIDA III,Hidráulica,hidraulica,2.3,0.0
48794,2021-04-04,1,193,HP FLORIDA III,Hidráulica,hidraulica,2.3,0.0
48805,2021-04-04,13,193,HP FLORIDA III,Hidráulica,hidraulica,2.3,0.0
49819,2021-04-04,2,193,HP FLORIDA III,Hidráulica,hidraulica,2.3,0.0
50726,2021-04-04,6,193,HP FLORIDA III,Hidráulica,hidraulica,2.3,0.0
50850,2021-04-04,3,193,HP FLORIDA III,Hidráulica,hidraulica,2.3,0.0
51798,2021-04-04,4,193,HP FLORIDA III,Hidráulica,hidraulica,2.3,0.0
52483,2021-04-04,20,193,HP FLORIDA III,Hidráulica,hidraulica,2.3,0.0
52877,2021-04-04,5,193,HP FLORIDA III,Hidráulica,hidraulica,2.3,0.0
53959,2021-04-04,7,193,HP FLORIDA III,Hidráulica,hidraulica,2.3,0.0
54624,2021-04-04,8,193,HP FLORIDA III,Hidráulica,hidraulica,2.3,0.0
55289,2021-04-04,9,193,HP FLORIDA III,Hidráulica,hidraulica,2.3,0.0
55954,2021-04-04,10,193,HP FLORIDA III,Hidráulica,hidraulica,2.3,0.0
56618,2021-04-04,11,193,HP FLORIDA III,Hidráulica,hidraulica,2.3,0.0
57282,2021-04-04,12,193,HP FLORIDA III,Hidráulica,hidraulica,2.3,0.0
57946,2021-04-04,14,193,HP FLORIDA III,Hidráulica,hidraulica,2.3,0.0
58610,2021-04-04,15,193,HP FLORIDA III,Hidráulica,hidraulica,2.3,0.0
59274,2021-04-04,16,193,HP FLORIDA III,Hidráulica,hidraulica,2.3,0.0
59938,2021-04-04,17,193,HP FLORIDA III,Hidráulica,hidraulica,2.3,0.0
60603,2021-04-04,18,193,HP FLORIDA III,Hidráulica,hidraulica,2.3,0.0
61268,2021-04-04,19,193,HP FLORIDA III,Hidráulica,hidraulica,2.3,0.0
61933,2021-04-04,21,193,HP FLORIDA III,Hidráulica,hidraulica,2.3,0.0
62598,2021-04-04,22,193,HP FLORIDA III,Hidráulica,hidraulica,2.3,0.0
63263,2021-04-04,23,193,HP FLORIDA III,Hidráulica,hidraulica,2.3,0.0
63928,2021-04-04,24,193,HP FLORIDA III,Hidráulica,hidraulica,2.3,0.0
64719,2021-04-05,2,193,HP FLORIDA III,Hidráulica,hidraulica,2.3,0.0
64776,2021-04-05,1,193,HP FLORIDA III,Hidráulica,hidraulica,2.3,0.0
65771,2021-04-05,3,193,HP FLORIDA III,Hidráulica,hidraulica,2.3,0.0
66589,2021-04-05,4,193,HP FLORIDA III,Hidráulica,hidraulica,2.3,0.0
67343,2021-04-05,5,193,HP FLORIDA III,Hidráulica,hidraulica,2.3,0.0
67633,2021-04-05,15,193,HP FLORIDA III,Hidráulica,hidraulica,2.3,0.0
68118,2021-04-05,6,193,HP FLORIDA III,Hidráulica,hidraulica,2.3,0.0
69074,2021-04-05,7,193,HP FLORIDA III,Hidráulica,hidraulica,2.3,0.0
69826,2021-04-05,10,193,HP FLORIDA III,Hidráulica,hidraulica,2.3,0.0
70096,2021-04-05,8,193,HP FLORIDA III,Hidráulica,hidraulica,2.3,0.0
71221,2021-04-05,24,193,HP FLORIDA III,Hidráulica,hidraulica,2.3,0.0
71498,2021-04-05,9,193,HP FLORIDA III,Hidráulica,hidraulica,2.3,0.0
72573,2021-04-05,11,193,HP FLORIDA III,Hidráulica,hidraulica,2.3,0.0
73238,2021-04-05,12,193,HP FLORIDA III,Hidráulica,hidraulica,2.3,0.0
73903,2021-04-05,13,193,HP FLORIDA III,Hidráulica,hidraulica,2.3,0.0
74568,2021-04-05,14,193,HP FLORIDA III,Hidráulica,hidraulica,2.3,0.0
75233,2021-04-05,16,193,HP FLORIDA III,Hidráulica,hidraulica,2.3,0.0
75898,2021-04-05,17,193,HP FLORIDA III,Hidráulica,hidraulica,2.3,0.0
76563,2021-04-05,18,193,HP FLORIDA III,Hidráulica,hidraulica,2.3,0.0
77228,2021-04-05,19,193,HP FLORIDA III,Hidráulica,hidraulica,2.3,0.0
77893,2021-04-05,20,193,HP FLORIDA III,Hidráulica,hidraulica,2.3,0.0
78558,2021-04-05,21,193,HP FLORIDA III,Hidráulica,hidraulica,2.3,0.0
79223,2021-04-05,22,193,HP FLORIDA III,Hidráulica,hidraulica,2.3,0.0
79888,2021-04-05,23,193,HP FLORIDA III,Hidráulica,hidraulica,2.3,0.0
80692,2021-04-06,4,193,HP FLORIDA III,Hidráulica,hidraulica,2.3,0.0
80735,2021-04-06,1,193,HP FLORIDA III,Hidráulica,hidraulica,2.3,0.0
81996,2021-04-06,2,193,HP FLORIDA III,Hidráulica,hidraulica,2.3,0.0
82131,2021-04-06,17,193,HP FLORIDA III,Hidráulica,hidraulica,2.3,0.0
83226,2021-04-06,3,193,HP FLORIDA III,Hidráulica,hidraulica,2.3,0.0
83541,2021-04-06,14,193,HP FLORIDA III,Hidráulica,hidraulica,2.3,0.0
84514,2021-04-06,5,193,HP FLORIDA III,Hidráulica,hidraulica,2.3,0.0
85208,2021-04-06,6,193,HP FLORIDA III,Hidráulica,hidraulica,2.3,0.0
85873,2021-04-06,7,193,HP FLORIDA III,Hidráulica,hidraulica,2.3,0.0
86538,2021-04-06,8,193,HP FLORIDA III,Hidráulica,hidraulica,2.3,0.0
87203,2021-04-06,9,193,HP FLORIDA III,Hidráulica,hidraulica,2.3,0.0
87868,2021-04-06,10,193,HP FLORIDA III,Hidráulica,hidraulica,2.3,0.0
88533,2021-04-06,11,193,HP FLORIDA III,Hidráulica,hidraulica,2.3,0.0
89198,2021-04-06,12,193,HP FLORIDA III,Hidráulica,hidraulica,2.3,0.0
89863,2021-04-06,13,193,HP FLORIDA III,Hidráulica,hidraulica,2.3,0.0
90528,2021-04-06,15,193,HP FLORIDA III,Hidráulica,hidraulica,2.3,0.0
91192,2021-04-06,16,193,HP FLORIDA III,Hidráulica,hidraulica,2.3,0.0
91856,2021-04-06,18,193,HP FLORIDA III,Hidráulica,hidraulica,2.3,0.0
92521,2021-04-06,19,193,HP FLORIDA III,Hidráulica,hidraulica,2.3,0.0
93186,2021-04-06,20,193,HP FLORIDA III,Hidráulica,hidraulica,2.3,0.0
93851,2021-04-06,21,193,HP FLORIDA III,Hidráulica,hidraulica,2.3,0.0
94516,2021-04-06,22,193,HP FLORIDA III,Hidráulica,hidraulica,2.3,0.0
95181,2021-04-06,23,193,HP FLORIDA III,Hidráulica,hidraulica,2.3,0.0
95846,2021-04-06,24,193,HP FLORIDA III,Hidráulica,hidraulica,2.3,0.0
96532,2021-04-07,1,193,HP FLORIDA III,Hidráulica,hidraulica,2.3,0.0
96796,2021-04-07,6,193,HP FLORIDA III,Hidráulica,hidraulica,2.3,0.0
97498,2021-04-07,2,193,HP FLORIDA III,Hidráulica,hidraulica,2.3,0.0
98547,2021-04-07,3,193,HP FLORIDA III,Hidráulica,hidraulica,2.3,0.0
98996,2021-04-07,19,193,HP FLORIDA III,Hidráulica,hidraulica,2.3,0.0
99564,2021-04-07,5,193,HP FLORIDA III,Hidráulica,hidraulica,2.3,0.0
100655,2021-04-07,7,193,HP FLORIDA III,Hidráulica,hidraulica,2.3,0.0
100695,2021-04-07,4,193,HP FLORIDA III,Hidráulica,hidraulica,2.3,0.0
101882,2021-04-07,8,193,HP FLORIDA III,Hidráulica,hidraulica,2.3,0.0
102094,2021-04-07,18,193,HP FLORIDA III,Hidráulica,hidraulica,2.3,0.0
103048,2021-04-07,9,193,HP FLORIDA III,Hidráulica,hidraulica,2.3,0.0
103848,2021-04-07,10,193,HP FLORIDA III,Hidráulica,hidraulica,2.3,0.0
104515,2021-04-07,11,193,HP FLORIDA III,Hidráulica,hidraulica,2.3,0.0
105181,2021-04-07,12,193,HP FLORIDA III,Hidráulica,hidraulica,2.3,0.0
105847,2021-04-07,13,193,HP FLORIDA III,Hidráulica,hidraulica,2.3,0.0
106514,2021-04-07,14,193,HP FLORIDA III,Hidráulica,hidraulica,2.3,0.0
107181,2021-04-07,15,193,HP FLORIDA III,Hidráulica,hidraulica,2.3,0.0
107848,2021-04-07,16,193,HP FLORIDA III,Hidráulica,hidraulica,2.3,0.0
108515,2021-04-07,17,193,HP FLORIDA III,Hidráulica,hidraulica,2.3,0.0
109182,2021-04-07,20,193,HP FLORIDA III,Hidráulica,hidraulica,2.3,0.0
109849,2021-04-07,21,193,HP FLORIDA III,Hidráulica,hidraulica,2.3,0.0
110516,2021-04-07,22,193,HP FLORIDA III,Hidráulica,hidraulica,2.3,0.0
111183,2021-04-07,23,193,HP FLORIDA III,Hidráulica,hidraulica,2.3,0.0
111850,2021-04-07,24,193,HP FLORIDA III,Hidráulica,hidraulica,2.3,0.0
112542,2021-04-08,1,193,HP FLORIDA III,Hidráulica,hidraulica,2.3,0.0
113082,2021-04-08,23,193,HP FLORIDA III,Hidráulica,hidraulica,2.3,0.0
113567,2021-04-08,2,193,HP FLORIDA III,Hidráulica,hidraulica,2.3,0.0
114574,2021-04-08,3,193,HP FLORIDA III,Hidráulica,hidraulica,2.3,0.0
115349,2021-04-08,4,193,HP FLORIDA III,Hidráulica,hidraulica,2.3,0.0
115375,2021-04-08,8,193,HP FLORIDA III,Hidráulica,hidraulica,2.3,0.0
116178,2021-04-08,5,193,HP FLORIDA III,Hidráulica,hidraulica,2.3,0.0
116978,2021-04-08,6,193,HP FLORIDA III,Hidráulica,hidraulica,2.3,0.0
117997,2021-04-08,7,193,HP FLORIDA III,Hidráulica,hidraulica,2.3,0.0
118051,2021-04-08,21,193,HP FLORIDA III,Hidráulica,hidraulica,2.3,0.0
119108,2021-04-08,10,193,HP FLORIDA III,Hidráulica,hidraulica,2.3,0.0
119754,2021-04-08,9,193,HP FLORIDA III,Hidráulica,hidraulica,2.3,0.0
120140,2021-04-08,15,193,HP FLORIDA III,Hidráulica,hidraulica,2.3,0.0
120993,2021-04-08,16,193,HP FLORIDA III,Hidráulica,hidraulica,2.3,0.0
121926,2021-04-08,11,193,HP FLORIDA III,Hidráulica,hidraulica,2.3,0.0
122130,2021-04-08,17,193,HP FLORIDA III,Hidráulica,hidraulica,2.3,0.0
123372,2021-04-08,18,193,HP FLORIDA III,Hidráulica,hidraulica,2.3,0.0
123383,2021-04-08,12,193,HP FLORIDA III,Hidráulica,hidraulica,2.3,0.0
124464,2021-04-08,19,193,HP FLORIDA III,Hidráulica,hidraulica,2.3,0.0
124915,2021-04-08,13,193,HP FLORIDA III,Hidráulica,hidraulica,2.3,0.0
125544,2021-04-08,20,193,HP FLORIDA III,Hidráulica,hidraulica,2.3,0.0
126693,2021-04-08,14,193,HP FLORIDA III,Hidráulica,hidraulica,2.3,0.0
126733,2021-04-08,22,193,HP FLORIDA III,Hidráulica,hidraulica,2.3,0.0
127643,2021-04-08,24,193,HP FLORIDA III,Hidráulica,hidraulica,2.3,0.0
128639,2021-04-09,1,193,HP FLORIDA III,Hidráulica,hidraulica,2.3,0.0
129214,2021-04-09,10,193,HP FLORIDA III,Hidráulica,hidraulica,2.3,0.0
129434,2021-04-09,2,193,HP FLORIDA III,Hidráulica,hidraulica,2.3,0.0
130403,2021-04-09,3,193,HP FLORIDA III,Hidráulica,hidraulica,2.3,0.0
131263,2021-04-09,4,193,HP FLORIDA III,Hidráulica,hidraulica,2.3,0.0
131741,2021-04-09,23,193,HP FLORIDA III,Hidráulica,hidraulica,2.3,0.0
132345,2021-04-09,5,193,HP FLORIDA III,Hidráulica,hidraulica,2.3,0.0
133376,2021-04-09,6,193,HP FLORIDA III,Hidráulica,hidraulica,2.3,0.0
133832,2021-04-09,14,193,HP FLORIDA III,Hidráulica,hidraulica,2.3,0.0
134193,2021-04-09,7,193,HP FLORIDA III,Hidráulica,hidraulica,2.3,0.0
135258,2021-04-09,8,193,HP FLORIDA III,Hidráulica,hidraulica,2.3,0.0
135927,2021-04-09,9,193,HP FLORIDA III,Hidráulica,hidraulica,2.3,0.0
136596,2021-04-09,11,193,HP FLORIDA III,Hidráulica,hidraulica,2.3,0.0
137265,2021-04-09,12,193,HP FLORIDA III,Hidráulica,hidraulica,2.3,0.0
137934,2021-04-09,13,193,HP FLORIDA III,Hidráulica,hidraulica,2.3,0.0
138603,2021-04-09,15,193,HP FLORIDA III,Hidráulica,hidraulica,2.3,0.0
139272,2021-04-09,16,193,HP FLORIDA III,Hidráulica,hidraulica,2.3,0.0
139941,2021-04-09,17,193,HP FLORIDA III,Hidráulica,hidraulica,2.3,0.0
140610,2021-04-09,18,193,HP FLORIDA III,Hidráulica,hidraulica,2.3,0.0
141279,2021-04-09,19,193,HP FLORIDA III,Hidráulica,hidraulica,2.3,0.0
141948,2021-04-09,20,193,HP FLORIDA III,Hidráulica,hidraulica,2.3,0.0
142617,2021-04-09,21,193,HP FLORIDA III,Hidráulica,hidraulica,2.3,0.0
143286,2021-04-09,22,193,HP FLORIDA III,Hidráulica,hidraulica,2.3,0.0
143955,2021-04-09,24,193,HP FLORIDA III,Hidráulica,hidraulica,2.3,0.0
144709,2021-04-10,2,193,HP FLORIDA III,Hidráulica,hidraulica,2.3,0.0
144813,2021-04-10,12,193,HP FLORIDA III,Hidráulica,hidraulica,2.3,0.0
145965,2021-04-10,14,193,HP FLORIDA III,Hidráulica,hidraulica,2.3,0.0
146201,2021-04-10,3,193,HP FLORIDA III,Hidráulica,hidraulica,2.3,0.0
147416,2021-04-10,4,193,HP FLORIDA III,Hidráulica,hidraulica,2.3,0.0
147478,2021-04-10,15,193,HP FLORIDA III,Hidráulica,hidraulica,2.3,0.0
148510,2021-04-10,5,193,HP FLORIDA III,Hidráulica,hidraulica,2.3,0.0
148972,2021-04-10,17,193,HP FLORIDA III,Hidráulica,hidraulica,2.3,0.0
150012,2021-04-10,6,193,HP FLORIDA III,Hidráulica,hidraulica,2.3,0.0
150175,2021-04-10,18,193,HP FLORIDA III,Hidráulica,hidraulica,2.3,0.0
151427,2021-04-10,19,193,HP FLORIDA III,Hidráulica,hidraulica,2.3,0.0
151524,2021-04-10,7,193,HP FLORIDA III,Hidráulica,hidraulica,2.3,0.0
152710,2021-04-10,8,193,HP FLORIDA III,Hidráulica,hidraulica,2.3,0.0
152865,2021-04-10,20,193,HP FLORIDA III,Hidráulica,hidraulica,2.3,0.0
153983,2021-04-10,21,193,HP FLORIDA III,Hidráulica,hidraulica,2.3,0.0
154168,2021-04-10,9,193,HP FLORIDA III,Hidráulica,hidraulica,2.3,0.0
155221,2021-04-10,22,193,HP FLORIDA III,Hidráulica,hidraulica,2.3,0.0
155504,2021-04-10,10,193,HP FLORIDA III,Hidráulica,hidraulica,2.3,0.0
156638,2021-04-10,23,193,HP FLORIDA III,Hidráulica,hidraulica,2.3,0.0
156840,2021-04-10,11,193,HP FLORIDA III,Hidráulica,hidraulica,2.3,0.0
157832,2021-04-10,24,193,HP FLORIDA III,Hidráulica,hidraulica,2.3,0.0
158647,2021-04-10,13,193,HP FLORIDA III,Hidráulica,hidraulica,2.3,0.0
158844,2021-04-10,1,193,HP FLORIDA III,Hidráulica,hidraulica,2.3,0.0
159982,2021-04-10,16,193,HP FLORIDA III,Hidráulica,hidraulica,2.3,0.0
160784,2021-04-11,1,193,HP FLORIDA III,Hidráulica,hidraulica,2.3,0.0
160841,2021-04-11,2,193,HP FLORIDA III,Hidráulica,hidraulica,2.3,0.0
161707,2021-04-11,3,193,HP FLORIDA III,Hidráulica,hidraulica,2.3,0.0
162681,2021-04-11,4,193,HP FLORIDA III,Hidráulica,hidraulica,2.3,0.0
162906,2021-04-11,6,193,HP FLORIDA III,Hidráulica,hidraulica,2.3,0.0
163756,2021-04-11,5,193,HP FLORIDA III,Hidráulica,hidraulica,2.3,0.0
164793,2021-04-11,15,193,HP FLORIDA III,Hidráulica,hidraulica,2.3,0.0
164843,2021-04-11,7,193,HP FLORIDA III,Hidráulica,hidraulica,2.3,0.0
165683,2021-04-11,8,193,HP FLORIDA III,Hidráulica,hidraulica,2.3,0.0
166777,2021-04-11,9,193,HP FLORIDA III,Hidráulica,hidraulica,2.3,0.0
167021,2021-04-11,20,193,HP FLORIDA III,Hidráulica,hidraulica,2.3,0.0
167600,2021-04-11,10,193,HP FLORIDA III,Hidráulica,hidraulica,2.3,0.0
168687,2021-04-11,11,193,HP FLORIDA III,Hidráulica,hidraulica,2.3,0.0
169356,2021-04-11,12,193,HP FLORIDA III,Hidráulica,hidraulica,2.3,0.0
170025,2021-04-11,13,193,HP FLORIDA III,Hidráulica,hidraulica,2.3,0.0
170694,2021-04-11,14,193,HP FLORIDA III,Hidráulica,hidraulica,2.3,0.0
171363,2021-04-11,16,193,HP FLORIDA III,Hidráulica,hidraulica,2.3,0.0
172032,2021-04-11,17,193,HP FLORIDA III,Hidráulica,hidraulica,2.3,0.0
172701,2021-04-11,18,193,HP FLORIDA III,Hidráulica,hidraulica,2.3,0.0
173371,2021-04-11,19,193,HP FLORIDA III,Hidráulica,hidraulica,2.3,0.0
174041,2021-04-11,21,193,HP FLORIDA III,Hidráulica,hidraulica,2.3,0.0
174711,2021-04-11,22,193,HP FLORIDA III,Hidráulica,hidraulica,2.3,0.0
175381,2021-04-11,23,193,HP FLORIDA III,Hidráulica,hidraulica,2.3,0.0
176051,2021-04-11,24,193,HP FLORIDA III,Hidráulica,hidraulica,2.3,0.0
176854,2021-04-12,4,193,HP FLORIDA III,Hidráulica,hidraulica,2.3,0.0
176909,2021-04-12,1,193,HP FLORIDA III,Hidráulica,hidraulica,2.3,0.0
178074,2021-04-12,2,193,HP FLORIDA III,Hidráulica,hidraulica,2.3,0.0
178865,2021-04-12,3,193,HP FLORIDA III,Hidráulica,hidraulica,2.3,0.0
179082,2021-04-12,17,193,HP FLORIDA III,Hidráulica,hidraulica,2.3,0.0
179656,2021-04-12,5,193,HP FLORIDA III,Hidráulica,hidraulica,2.3,0.0
180759,2021-04-12,6,193,HP FLORIDA III,Hidráulica,hidraulica,2.3,0.0
181092,2021-04-12,10,193,HP FLORIDA III,Hidráulica,hidraulica,2.3,0.0
181599,2021-04-12,7,193,HP FLORIDA III,Hidráulica,hidraulica,2.3,0.0
182787,2021-04-12,8,193,HP FLORIDA III,Hidráulica,hidraulica,2.3,0.0
183081,2021-04-12,24,193,HP FLORIDA III,Hidráulica,hidraulica,2.3,0.0
183987,2021-04-12,9,193,HP FLORIDA III,Hidráulica,hidraulica,2.3,0.0
184748,2021-04-12,11,193,HP FLORIDA III,Hidráulica,hidraulica,2.3,0.0
185417,2021-04-12,12,193,HP FLORIDA III,Hidráulica,hidraulica,2.3,0.0
186085,2021-04-12,13,193,HP FLORIDA III,Hidráulica,hidraulica,2.3,0.0
186753,2021-04-12,14,193,HP FLORIDA III,Hidráulica,hidraulica,1.9,0.0
187421,2021-04-12,15,193,HP FLORIDA III,Hidráulica,hidraulica,1.9,0.0
188089,2021-04-12,16,193,HP FLORIDA III,Hidráulica,hidraulica,2.0,0.0
188757,2021-04-12,18,193,HP FLORIDA III,Hidráulica,hidraulica,2.3,0.0
189426,2021-04-12,19,193,HP FLORIDA III,Hidráulica,hidraulica,2.3,0.0
190095,2021-04-12,20,193,HP FLORIDA III,Hidráulica,hidraulica,2.3,0.0
190764,2021-04-12,21,193,HP FLORIDA III,Hidráulica,hidraulica,2.3,0.0
191433,2021-04-12,22,193,HP FLORIDA III,Hidráulica,hidraulica,2.3,0.0
192102,2021-04-12,23,193,HP FLORIDA III,Hidráulica,hidraulica,2.3,0.0
192827,2021-04-13,1,193,HP FLORIDA III,Hidráulica,hidraulica,2.3,0.0
193019,2021-04-13,6,193,HP FLORIDA III,Hidráulica,hidraulica,2.3,0.0
193913,2021-04-13,2,193,HP FLORIDA III,Hidráulica,hidraulica,2.3,0.0
194708,2021-04-13,3,193,HP FLORIDA III,Hidráulica,hidraulica,2.3,0.0
195270,2021-04-13,19,193,HP FLORIDA III,Hidráulica,hidraulica,2.3,0.0
195816,2021-04-13,4,193,HP FLORIDA III,Hidráulica,hidraulica,2.3,0.0
196847,2021-04-13,5,193,HP FLORIDA III,Hidráulica,hidraulica,2.3,0.0
197038,2021-04-13,14,193,HP FLORIDA III,Hidráulica,hidraulica,2.3,0.0
198122,2021-04-13,7,193,HP FLORIDA III,Hidráulica,hidraulica,2.3,0.0
198791,2021-04-13,8,193,HP FLORIDA III,Hidráulica,hidraulica,2.3,0.0
199460,2021-04-13,9,193,HP FLORIDA III,Hidráulica,hidraulica,2.3,0.0
200129,2021-04-13,10,193,HP FLORIDA III,Hidráulica,hidraulica,2.3,0.0
200798,2021-04-13,11,193,HP FLORIDA III,Hidráulica,hidraulica,2.3,0.0
201466,2021-04-13,12,193,HP FLORIDA III,Hidráulica,hidraulica,2.3,0.0
202134,2021-04-13,13,193,HP FLORIDA III,Hidráulica,hidraulica,2.3,0.0
202802,2021-04-13,15,193,HP FLORIDA III,Hidráulica,hidraulica,2.3,0.0
203470,2021-04-13,16,193,HP FLORIDA III,Hidráulica,hidraulica,0.4,0.0
204138,2021-04-13,17,193,HP FLORIDA III,Hidráulica,hidraulica,1.8,0.0
204806,2021-04-13,18,193,HP FLORIDA III,Hidráulica,hidraulica,2.3,0.0
205475,2021-04-13,20,193,HP FLORIDA III,Hidráulica,hidraulica,2.3,0.0
206144,2021-04-13,21,193,HP FLORIDA III,Hidráulica,hidraulica,2.3,0.0
206813,2021-04-13,22,193,HP FLORIDA III,Hidráulica,hidraulica,2.3,0.0
207482,2021-04-13,23,193,HP FLORIDA III,Hidráulica,hidraulica,2.3,0.0
208151,2021-04-13,24,193,HP FLORIDA III,Hidráulica,hidraulica,2.3,0.0
208932,2021-04-14,1,193,HP FLORIDA III,Hidráulica,hidraulica,2.3,0.0
209067,2021-04-14,8,193,HP FLORIDA III,Hidráulica,hidraulica,2.3,0.0
209865,2021-04-14,2,193,HP FLORIDA III,Hidráulica,hidraulica,2.3,0.0
210831,2021-04-14,3,193,HP FLORIDA III,Hidráulica,hidraulica,2.3,0.0
211562,2021-04-14,5,193,HP FLORIDA III,Hidráulica,hidraulica,2.3,0.0
212243,2021-04-14,6,193,HP FLORIDA III,Hidráulica,hidraulica,2.3,0.0
212944,2021-04-14,7,193,HP FLORIDA III,Hidráulica,hidraulica,2.3,0.0
213648,2021-04-14,9,193,HP FLORIDA III,Hidráulica,hidraulica,2.3,0.0
214065,2021-04-14,21,193,HP FLORIDA III,Hidráulica,hidraulica,2.3,0.0
214349,2021-04-14,10,193,HP FLORIDA III,Hidráulica,hidraulica,2.3,0.0
215141,2021-04-14,11,193,HP FLORIDA III,Hidráulica,hidraulica,2.3,0.0
215978,2021-04-14,12,193,HP FLORIDA III,Hidráulica,hidraulica,2.3,0.0
216747,2021-04-14,13,193,HP FLORIDA III,Hidráulica,hidraulica,2.3,0.0
217684,2021-04-14,14,193,HP FLORIDA III,Hidráulica,hidraulica,2.3,0.0
217690,2021-04-14,4,193,HP FLORIDA III,Hidráulica,hidraulica,2.3,0.0
218792,2021-04-14,15,193,HP FLORIDA III,Hidráulica,hidraulica,2.3,0.0
219380,2021-04-14,18,193,HP FLORIDA III,Hidráulica,hidraulica,2.3,0.0
220204,2021-04-14,16,193,HP FLORIDA III,Hidráulica,hidraulica,2.3,0.0
220873,2021-04-14,17,193,HP FLORIDA III,Hidráulica,hidraulica,2.3,0.0
221542,2021-04-14,19,193,HP FLORIDA III,Hidráulica,hidraulica,2.3,0.0
222212,2021-04-14,20,193,HP FLORIDA III,Hidráulica,hidraulica,2.3,0.0
222882,2021-04-14,22,193,HP FLORIDA III,Hidráulica,hidraulica,2.3,0.0
223552,2021-04-14,23,193,HP FLORIDA III,Hidráulica,hidraulica,2.3,0.0
224222,2021-04-14,24,193,HP FLORIDA III,Hidráulica,hidraulica,2.3,0.0
224915,2021-04-15,1,193,HP FLORIDA III,Hidráulica,hidraulica,2.3,0.0
225625,2021-04-15,10,193,HP FLORIDA III,Hidráulica,hidraulica,2.3,0.0
225736,2021-04-15,2,193,HP FLORIDA III,Hidráulica,hidraulica,2.3,0.0
226600,2021-04-15,3,193,HP FLORIDA III,Hidráulica,hidraulica,2.3,0.0
227488,2021-04-15,4,193,HP FLORIDA III,Hidráulica,hidraulica,2.3,0.0
228259,2021-04-15,23,193,HP FLORIDA III,Hidráulica,hidraulica,2.3,0.0
228469,2021-04-15,5,193,HP FLORIDA III,Hidráulica,hidraulica,2.3,0.0
229379,2021-04-15,6,193,HP FLORIDA III,Hidráulica,hidraulica,2.3,0.0
230222,2021-04-15,7,193,HP FLORIDA III,Hidráulica,hidraulica,2.3,0.0
230939,2021-04-15,8,193,HP FLORIDA III,Hidráulica,hidraulica,2.3,0.0
231262,2021-04-15,9,193,HP FLORIDA III,Hidráulica,hidraulica,2.3,0.0
232390,2021-04-15,11,193,HP FLORIDA III,Hidráulica,hidraulica,2.3,0.0
232539,2021-04-15,22,193,HP FLORIDA III,Hidráulica,hidraulica,2.3,0.0
233589,2021-04-15,12,193,HP FLORIDA III,Hidráulica,hidraulica,2.3,0.0
234269,2021-04-15,13,193,HP FLORIDA III,Hidráulica,hidraulica,2.3,0.0
234938,2021-04-15,14,193,HP FLORIDA III,Hidráulica,hidraulica,2.3,0.0
235607,2021-04-15,15,193,HP FLORIDA III,Hidráulica,hidraulica,2.3,0.0
236276,2021-04-15,16,193,HP FLORIDA III,Hidráulica,hidraulica,2.3,0.0
236945,2021-04-15,17,193,HP FLORIDA III,Hidráulica,hidraulica,2.3,0.0
237614,2021-04-15,18,193,HP FLORIDA III,Hidráulica,hidraulica,2.3,0.0
238284,2021-04-15,19,193,HP FLORIDA III,Hidráulica,hidraulica,2.3,0.0
238954,2021-04-15,20,193,HP FLORIDA III,Hidráulica,hidraulica,2.3,0.0
239624,2021-04-15,21,193,HP FLORIDA III,Hidráulica,hidraulica,2.3,0.0
240294,2021-04-15,24,193,HP FLORIDA III,Hidráulica,hidraulica,2.3,0.0
241123,2021-04-16,13,193,HP FLORIDA III,Hidráulica,hidraulica,2.3,0.0
241126,2021-04-16,12,193,HP FLORIDA III,Hidráulica,hidraulica,2.3,0.0
242309,2021-04-16,14,193,HP FLORIDA III,Hidráulica,hidraulica,2.3,0.0
242620,2021-04-16,1,193,HP FLORIDA III,Hidráulica,hidraulica,2.3,0.0
243375,2021-04-16,15,193,HP FLORIDA III,Hidráulica,hidraulica,2.3,0.0
243965,2021-04-16,2,193,HP FLORIDA III,Hidráulica,hidraulica,2.3,0.0
244943,2021-04-16,16,193,HP FLORIDA III,Hidráulica,hidraulica,2.3,0.0
245310,2021-04-16,3,193,HP FLORIDA III,Hidráulica,hidraulica,2.3,0.0
246229,2021-04-16,4,193,HP FLORIDA III,Hidráulica,hidraulica,2.3,0.0
246638,2021-04-16,18,193,HP FLORIDA III,Hidráulica,hidraulica,2.3,0.0
247263,2021-04-16,5,193,HP FLORIDA III,Hidráulica,hidraulica,2.3,0.0
248214,2021-04-16,6,193,HP FLORIDA III,Hidráulica,hidraulica,2.3,0.0
248699,2021-04-16,19,193,HP FLORIDA III,Hidráulica,hidraulica,2.3,0.0
249648,2021-04-16,7,193,HP FLORIDA III,Hidráulica,hidraulica,2.3,0.0
249956,2021-04-16,20,193,HP FLORIDA III,Hidráulica,hidraulica,2.3,0.0
250836,2021-04-16,21,193,HP FLORIDA III,Hidráulica,hidraulica,2.3,0.0
251790,2021-04-16,8,193,HP FLORIDA III,Hidráulica,hidraulica,2.3,0.0
251920,2021-04-16,22,193,HP FLORIDA III,Hidráulica,hidraulica,2.3,0.0
252831,2021-04-16,23,193,HP FLORIDA III,Hidráulica,hidraulica,2.3,0.0
253756,2021-04-16,24,193,HP FLORIDA III,Hidráulica,hidraulica,2.3,0.0
253994,2021-04-16,9,193,HP FLORIDA III,Hidráulica,hidraulica,2.3,0.0
255092,2021-04-16,10,193,HP FLORIDA III,Hidráulica,hidraulica,2.3,0.0
255765,2021-04-16,11,193,HP FLORIDA III,Hidráulica,hidraulica,2.3,0.0
256438,2021-04-16,17,193,HP FLORIDA III,Hidráulica,hidraulica,2.3,0.0
257259,2021-04-17,3,193,HP FLORIDA III,Hidráulica,hidraulica,2.3,0.0
257281,2021-04-17,2,193,HP FLORIDA III,Hidráulica,hidraulica,2.3,0.0
258521,2021-04-17,4,193,HP FLORIDA III,Hidráulica,hidraulica,2.3,0.0
258721,2021-04-17,15,193,HP FLORIDA III,Hidráulica,hidraulica,2.3,0.0
259493,2021-04-17,5,193,HP FLORIDA III,Hidráulica,hidraulica,2.3,0.0
260509,2021-04-17,1,193,HP FLORIDA III,Hidráulica,hidraulica,2.3,0.0
260732,2021-04-17,6,193,HP FLORIDA III,Hidráulica,hidraulica,2.3,0.0
261834,2021-04-17,7,193,HP FLORIDA III,Hidráulica,hidraulica,2.3,0.0
262068,2021-04-17,16,193,HP FLORIDA III,Hidráulica,hidraulica,2.3,0.0
262996,2021-04-17,8,193,HP FLORIDA III,Hidráulica,hidraulica,2.3,0.0
263858,2021-04-17,9,193,HP FLORIDA III,Hidráulica,hidraulica,2.3,0.0
264533,2021-04-17,10,193,HP FLORIDA III,Hidráulica,hidraulica,2.3,0.0
265208,2021-04-17,11,193,HP FLORIDA III,Hidráulica,hidraulica,2.3,0.0
265883,2021-04-17,12,193,HP FLORIDA III,Hidráulica,hidraulica,2.3,0.0
266558,2021-04-17,13,193,HP FLORIDA III,Hidráulica,hidraulica,2.3,0.0
267233,2021-04-17,14,193,HP FLORIDA III,Hidráulica,hidraulica,2.3,0.0
267908,2021-04-17,17,193,HP FLORIDA III,Hidráulica,hidraulica,2.3,0.0
268583,2021-04-17,18,193,HP FLORIDA III,Hidráulica,hidraulica,2.3,0.0
269258,2021-04-17,19,193,HP FLORIDA III,Hidráulica,hidraulica,2.3,0.0
269933,2021-04-17,20,193,HP FLORIDA III,Hidráulica,hidraulica,2.3,0.0
270608,2021-04-17,21,193,HP FLORIDA III,Hidráulica,hidraulica,2.3,0.0
271283,2021-04-17,22,193,HP FLORIDA III,Hidráulica,hidraulica,2.3,0.0
271958,2021-04-17,23,193,HP FLORIDA III,Hidráulica,hidraulica,2.3,0.0
272633,2021-04-17,24,193,HP FLORIDA III,Hidráulica,hidraulica,2.3,0.0
273411,2021-04-18,1,193,HP FLORIDA III,Hidráulica,hidraulica,2.3,0.0
273558,2021-04-18,4,193,HP FLORIDA III,Hidráulica,hidraulica,2.3,0.0
274786,2021-04-18,2,193,HP FLORIDA III,Hidráulica,hidraulica,2.3,0.0
274905,2021-04-18,17,193,HP FLORIDA III,Hidráulica,hidraulica,2.3,0.0
276037,2021-04-18,6,193,HP FLORIDA III,Hidráulica,hidraulica,2.3,0.0
276225,2021-04-18,3,193,HP FLORIDA III,Hidráulica,hidraulica,2.3,0.0
277164,2021-04-18,20,193,HP FLORIDA III,Hidráulica,hidraulica,2.3,0.0
277878,2021-04-18,5,193,HP FLORIDA III,Hidráulica,hidraulica,2.3,0.0
278684,2021-04-18,7,193,HP FLORIDA III,Hidráulica,hidraulica,2.3,0.0
279356,2021-04-18,8,193,HP FLORIDA III,Hidráulica,hidraulica,2.3,0.0
280028,2021-04-18,9,193,HP FLORIDA III,Hidráulica,hidraulica,2.3,0.0
280700,2021-04-18,10,193,HP FLORIDA III,Hidráulica,hidraulica,2.3,0.0
281372,2021-04-18,11,193,HP FLORIDA III,Hidráulica,hidraulica,2.3,0.0
282044,2021-04-18,12,193,HP FLORIDA III,Hidráulica,hidraulica,2.3,0.0
282716,2021-04-18,13,193,HP FLORIDA III,Hidráulica,hidraulica,2.3,0.0
283387,2021-04-18,14,193,HP FLORIDA III,Hidráulica,hidraulica,2.3,0.0
284058,2021-04-18,15,193,HP FLORIDA III,Hidráulica,hidraulica,2.3,0.0
284729,2021-04-18,16,193,HP FLORIDA III,Hidráulica,hidraulica,2.3,0.0
285400,2021-04-18,18,193,HP FLORIDA III,Hidráulica,hidraulica,2.3,0.0
286072,2021-04-18,19,193,HP FLORIDA III,Hidráulica,hidraulica,2.3,0.0
286744,2021-04-18,21,193,HP FLORIDA III,Hidráulica,hidraulica,2.3,0.0
287416,2021-04-18,22,193,HP FLORIDA III,Hidráulica,hidraulica,2.3,0.0
288088,2021-04-18,23,193,HP FLORIDA III,Hidráulica,hidraulica,2.3,0.0
288760,2021-04-18,24,193,HP FLORIDA III,Hidráulica,hidraulica,2.3,0.0
289556,2021-04-19,6,193,HP FLORIDA III,Hidráulica,hidraulica,2.3,0.0
289611,2021-04-19,1,193,HP FLORIDA III,Hidráulica,hidraulica,2.3,0.0
290469,2021-04-19,2,193,HP FLORIDA III,Hidráulica,hidraulica,2.3,0.0
291209,2021-04-19,3,193,HP FLORIDA III,Hidráulica,hidraulica,2.3,0.0
292142,2021-04-19,4,193,HP FLORIDA III,Hidráulica,hidraulica,2.3,0.0
292833,2021-04-19,5,193,HP FLORIDA III,Hidráulica,hidraulica,2.3,0.0
293071,2021-04-19,10,193,HP FLORIDA III,Hidráulica,hidraulica,2.3,0.0
293785,2021-04-19,7,193,HP FLORIDA III,Hidráulica,hidraulica,2.3,0.0
294870,2021-04-19,8,193,HP FLORIDA III,Hidráulica,hidraulica,2.3,0.0
295176,2021-04-19,19,193,HP FLORIDA III,Hidráulica,hidraulica,2.1,0.0
295890,2021-04-19,9,193,HP FLORIDA III,Hidráulica,hidraulica,2.3,0.0
296904,2021-04-19,11,193,HP FLORIDA III,Hidráulica,hidraulica,2.3,0.0
297225,2021-04-19,24,193,HP FLORIDA III,Hidráulica,hidraulica,2.3,0.0
297839,2021-04-19,12,193,HP FLORIDA III,Hidráulica,hidraulica,2.3,0.0
298586,2021-04-19,13,193,HP FLORIDA III,Hidráulica,hidraulica,2.3,0.0
299493,2021-04-19,14,193,HP FLORIDA III,Hidráulica,hidraulica,2.3,0.0
300163,2021-04-19,15,193,HP FLORIDA III,Hidráulica,hidraulica,2.3,0.0
300833,2021-04-19,16,193,HP FLORIDA III,Hidráulica,hidraulica,2.3,0.0
301503,2021-04-19,17,193,HP FLORIDA III,Hidráulica,hidraulica,2.3,0.0
302174,2021-04-19,18,193,HP FLORIDA III,Hidráulica,hidraulica,2.3,0.0
302845,2021-04-19,20,193,HP FLORIDA III,Hidráulica,hidraulica,1.9,0.0
303516,2021-04-19,21,193,HP FLORIDA III,Hidráulica,hidraulica,2.1,0.0
304187,2021-04-19,22,193,HP FLORIDA III,Hidráulica,hidraulica,2.3,0.0
304858,2021-04-19,23,193,HP FLORIDA III,Hidráulica,hidraulica,2.3,0.0
305648,2021-04-20,1,193,HP FLORIDA III,Hidráulica,hidraulica,2.3,0.0
305920,2021-04-20,8,193,HP FLORIDA III,Hidráulica,hidraulica,2.3,0.0
306404,2021-04-20,2,193,HP FLORIDA III,Hidráulica,hidraulica,2.3,0.0
307505,2021-04-20,3,193,HP FLORIDA III,Hidráulica,hidraulica,2.3,0.0
308199,2021-04-20,21,193,HP FLORIDA III,Hidráulica,hidraulica,2.3,0.0
308499,2021-04-20,4,193,HP FLORIDA III,Hidráulica,hidraulica,2.3,0.0
309599,2021-04-20,5,193,HP FLORIDA III,Hidráulica,hidraulica,2.3,0.0
310119,2021-04-20,14,193,HP FLORIDA III,Hidráulica,hidraulica,2.3,0.0
310479,2021-04-20,6,193,HP FLORIDA III,Hidráulica,hidraulica,2.3,0.0
311482,2021-04-20,7,193,HP FLORIDA III,Hidráulica,hidraulica,2.3,0.0
312248,2021-04-20,9,193,HP FLORIDA III,Hidráulica,hidraulica,2.3,0.0
312920,2021-04-20,10,193,HP FLORIDA III,Hidráulica,hidraulica,2.3,0.0
313591,2021-04-20,11,193,HP FLORIDA III,Hidráulica,hidraulica,2.3,0.0
314262,2021-04-20,12,193,HP FLORIDA III,Hidráulica,hidraulica,2.3,0.0
314934,2021-04-20,13,193,HP FLORIDA III,Hidráulica,hidraulica,2.3,0.0
315606,2021-04-20,15,193,HP FLORIDA III,Hidráulica,hidraulica,2.3,0.0
316278,2021-04-20,16,193,HP FLORIDA III,Hidráulica,hidraulica,2.3,0.0
316950,2021-04-20,17,193,HP FLORIDA III,Hidráulica,hidraulica,2.3,0.0
317622,2021-04-20,18,193,HP FLORIDA III,Hidráulica,hidraulica,2.3,0.0
318294,2021-04-20,19,193,HP FLORIDA III,Hidráulica,hidraulica,2.3,0.0
318966,2021-04-20,20,193,HP FLORIDA III,Hidráulica,hidraulica,2.3,0.0
319638,2021-04-20,22,193,HP FLORIDA III,Hidráulica,hidraulica,2.3,0.0
320310,2021-04-20,23,193,HP FLORIDA III,Hidráulica,hidraulica,2.3,0.0
320982,2021-04-20,24,193,HP FLORIDA III,Hidráulica,hidraulica,2.3,0.0
321777,2021-04-21,1,193,HP FLORIDA III,Hidráulica,hidraulica,2.3,0.0
321925,2021-04-21,10,193,HP FLORIDA III,Hidráulica,hidraulica,2.3,0.0
322608,2021-04-21,2,193,HP FLORIDA III,Hidráulica,hidraulica,2.3,0.0
323423,2021-04-21,3,193,HP FLORIDA III,Hidráulica,hidraulica,2.3,0.0
324312,2021-04-21,5,193,HP FLORIDA III,Hidráulica,hidraulica,2.3,0.0
324866,2021-04-21,23,193,HP FLORIDA III,Hidráulica,hidraulica,2.3,0.0
325338,2021-04-21,6,193,HP FLORIDA III,Hidráulica,hidraulica,2.3,0.0
326223,2021-04-21,7,193,HP FLORIDA III,Hidráulica,hidraulica,2.3,0.0
327120,2021-04-21,4,193,HP FLORIDA III,Hidráulica,hidraulica,2.3,0.0
327197,2021-04-21,8,193,HP FLORIDA III,Hidráulica,hidraulica,2.3,0.0
328191,2021-04-21,9,193,HP FLORIDA III,Hidráulica,hidraulica,2.3,0.0
328932,2021-04-21,18,193,HP FLORIDA III,Hidráulica,hidraulica,2.3,0.0
329309,2021-04-21,11,193,HP FLORIDA III,Hidráulica,hidraulica,2.3,0.0
330364,2021-04-21,12,193,HP FLORIDA III,Hidráulica,hidraulica,2.3,0.0
331034,2021-04-21,13,193,HP FLORIDA III,Hidráulica,hidraulica,2.3,0.0
331704,2021-04-21,14,193,HP FLORIDA III,Hidráulica,hidraulica,2.3,0.0
332374,2021-04-21,15,193,HP FLORIDA III,Hidráulica,hidraulica,2.3,0.0
333044,2021-04-21,16,193,HP FLORIDA III,Hidráulica,hidraulica,2.3,0.0
333714,2021-04-21,17,193,HP FLORIDA III,Hidráulica,hidraulica,2.3,0.0
334384,2021-04-21,19,193,HP FLORIDA III,Hidráulica,hidraulica,2.3,0.0
335054,2021-04-21,20,193,HP FLORIDA III,Hidráulica,hidraulica,2.3,0.0
335724,2021-04-21,21,193,HP FLORIDA III,Hidráulica,hidraulica,2.3,0.0
336394,2021-04-21,22,193,HP FLORIDA III,Hidráulica,hidraulica,2.3,0.0
337064,2021-04-21,24,193,HP FLORIDA III,Hidráulica,hidraulica,2.3,0.0
337812,2021-04-22,12,193,HP FLORIDA III,Hidráulica,hidraulica,2.3,0.0
337958,2021-04-22,1,193,HP FLORIDA III,Hidráulica,hidraulica,2.3,0.0
339166,2021-04-22,8,193,HP FLORIDA III,Hidráulica,hidraulica,2.3,0.0
339364,2021-04-22,2,193,HP FLORIDA III,Hidráulica,hidraulica,2.3,0.0
340141,2021-04-22,22,193,HP FLORIDA III,Hidráulica,hidraulica,2.3,0.0
341089,2021-04-22,3,193,HP FLORIDA III,Hidráulica,hidraulica,2.3,0.0
341760,2021-04-22,4,193,HP FLORIDA III,Hidráulica,hidraulica,2.3,0.0
342431,2021-04-22,5,193,HP FLORIDA III,Hidráulica,hidraulica,2.3,0.0
343102,2021-04-22,6,193,HP FLORIDA III,Hidráulica,hidraulica,2.3,0.0
343773,2021-04-22,7,193,HP FLORIDA III,Hidráulica,hidraulica,2.3,0.0
344444,2021-04-22,9,193,HP FLORIDA III,Hidráulica,hidraulica,2.3,0.0
345115,2021-04-22,10,193,HP FLORIDA III,Hidráulica,hidraulica,2.3,0.0
345786,2021-04-22,11,193,HP FLORIDA III,Hidráulica,hidraulica,2.3,0.0
346457,2021-04-22,13,193,HP FLORIDA III,Hidráulica,hidraulica,2.3,0.0
347128,2021-04-22,14,193,HP FLORIDA III,Hidráulica,hidraulica,2.3,0.0
347799,2021-04-22,15,193,HP FLORIDA III,Hidráulica,hidraulica,2.3,0.0
348470,2021-04-22,16,193,HP FLORIDA III,Hidráulica,hidraulica,2.3,0.0
349141,2021-04-22,17,193,HP FLORIDA III,Hidráulica,hidraulica,2.3,0.0
349812,2021-04-22,18,193,HP FLORIDA III,Hidráulica,hidraulica,2.2,0.0
350483,2021-04-22,19,193,HP FLORIDA III,Hidráulica,hidraulica,1.3,0.0
351154,2021-04-22,20,193,HP FLORIDA III,Hidráulica,hidraulica,1.4,0.0
351825,2021-04-22,21,193,HP FLORIDA III,Hidráulica,hidraulica,1.6,0.0
352496,2021-04-22,23,193,HP FLORIDA III,Hidráulica,hidraulica,2.3,0.0
353167,2021-04-22,24,193,HP FLORIDA III,Hidráulica,hidraulica,2.3,0.0
353975,2021-04-23,2,193,HP FLORIDA III,Hidráulica,hidraulica,2.3,0.0
354014,2021-04-23,1,193,HP FLORIDA III,Hidráulica,hidraulica,2.3,0.0
354926,2021-04-23,3,193,HP FLORIDA III,Hidráulica,hidraulica,2.3,0.0
355886,2021-04-23,4,193,HP FLORIDA III,Hidráulica,hidraulica,2.3,0.0
356341,2021-04-23,14,193,HP FLORIDA III,Hidráulica,hidraulica,2.3,0.0
356779,2021-04-23,5,193,HP FLORIDA III,Hidráulica,hidraulica,2.3,0.0
357781,2021-04-23,6,193,HP FLORIDA III,Hidráulica,hidraulica,2.3,0.0
358614,2021-04-23,7,193,HP FLORIDA III,Hidráulica,hidraulica,2.3,0.0
358745,2021-04-23,16,193,HP FLORIDA III,Hidráulica,hidraulica,2.3,0.0
359800,2021-04-23,8,193,HP FLORIDA III,Hidráulica,hidraulica,2.3,0.0
360422,2021-04-23,17,193,HP FLORIDA III,Hidráulica,hidraulica,2.3,0.0
360910,2021-04-23,10,193,HP FLORIDA III,Hidráulica,hidraulica,2.3,0.0
361846,2021-04-23,18,193,HP FLORIDA III,Hidráulica,hidraulica,2.3,0.0
362273,2021-04-23,11,193,HP FLORIDA III,Hidráulica,hidraulica,2.3,0.0
362940,2021-04-23,19,193,HP FLORIDA III,Hidráulica,hidraulica,2.3,0.0
363672,2021-04-23,12,193,HP FLORIDA III,Hidráulica,hidraulica,2.3,0.0
364421,2021-04-23,20,193,HP FLORIDA III,Hidráulica,hidraulica,2.3,0.0
364788,2021-04-23,13,193,HP FLORIDA III,Hidráulica,hidraulica,2.3,0.0
366030,2021-04-23,15,193,HP FLORIDA III,Hidráulica,hidraulica,2.3,0.0
366347,2021-04-23,21,193,HP FLORIDA III,Hidráulica,hidraulica,2.3,0.0
367132,2021-04-23,9,193,HP FLORIDA III,Hidráulica,hidraulica,2.3,0.0
368080,2021-04-23,24,193,HP FLORIDA III,Hidráulica,hidraulica,2.3,0.0
368286,2021-04-23,22,193,HP FLORIDA III,Hidráulica,hidraulica,2.3,0.0
369340,2021-04-23,23,193,HP FLORIDA III,Hidráulica,hidraulica,2.3,0.0
370164,2021-04-24,14,193,HP FLORIDA III,Hidráulica,hidraulica,2.3,0.0
370184,2021-04-24,1,193,HP FLORIDA III,Hidráulica,hidraulica,2.3,0.0
371373,2021-04-24,16,193,HP FLORIDA III,Hidráulica,hidraulica,2.3,0.0
371826,2021-04-24,4,193,HP FLORIDA III,Hidráulica,hidraulica,2.3,0.0
372520,2021-04-24,18,193,HP FLORIDA III,Hidráulica,hidraulica,2.3,0.0
373389,2021-04-24,17,193,HP FLORIDA III,Hidráulica,hidraulica,2.3,0.0
373656,2021-04-24,19,193,HP FLORIDA III,Hidráulica,hidraulica,2.3,0.0
374719,2021-04-24,20,193,HP FLORIDA III,Hidráulica,hidraulica,2.3,0.0
375179,2021-04-24,2,193,HP FLORIDA III,Hidráulica,hidraulica,2.3,0.0
375742,2021-04-24,21,193,HP FLORIDA III,Hidráulica,hidraulica,2.3,0.0
376618,2021-04-24,22,193,HP FLORIDA III,Hidráulica,hidraulica,2.3,0.0
377540,2021-04-24,3,193,HP FLORIDA III,Hidráulica,hidraulica,2.3,0.0
377580,2021-04-24,23,193,HP FLORIDA III,Hidráulica,hidraulica,2.3,0.0
378491,2021-04-24,24,193,HP FLORIDA III,Hidráulica,hidraulica,2.3,0.0
379422,2021-04-24,5,193,HP FLORIDA III,Hidráulica,hidraulica,2.3,0.0
380094,2021-04-24,6,193,HP FLORIDA III,Hidráulica,hidraulica,2.3,0.0
380766,2021-04-24,7,193,HP FLORIDA III,Hidráulica,hidraulica,2.3,0.0
381438,2021-04-24,8,193,HP FLORIDA III,Hidráulica,hidraulica,2.3,0.0
382110,2021-04-24,9,193,HP FLORIDA III,Hidráulica,hidraulica,2.3,0.0
382782,2021-04-24,10,193,HP FLORIDA III,Hidráulica,hidraulica,2.3,0.0
383454,2021-04-24,11,193,HP FLORIDA III,Hidráulica,hidraulica,2.3,0.0
384126,2021-04-24,12,193,HP FLORIDA III,Hidráulica,hidraulica,2.3,0.0
384798,2021-04-24,13,193,HP FLORIDA III,Hidráulica,hidraulica,2.3,0.0
385470,2021-04-24,15,193,HP FLORIDA III,Hidráulica,hidraulica,2.3,0.0
386274,2021-04-25,6,193,HP FLORIDA III,Hidráulica,hidraulica,2.3,0.0
386336,2021-04-25,1,193,HP FLORIDA III,Hidráulica,hidraulica,2.3,0.0
387483,2021-04-25,19,193,HP FLORIDA III,Hidráulica,hidraulica,2.3,0.0
387884,2021-04-25,2,193,HP FLORIDA III,Hidráulica,hidraulica,2.3,0.0
388674,2021-04-25,5,193,HP FLORIDA III,Hidráulica,hidraulica,2.3,0.0
389591,2021-04-25,3,193,HP FLORIDA III,Hidráulica,hidraulica,2.3,0.0
389695,2021-04-25,20,193,HP FLORIDA III,Hidráulica,hidraulica,2.3,0.0
390846,2021-04-25,4,193,HP FLORIDA III,Hidráulica,hidraulica,2.3,0.0
391518,2021-04-25,7,193,HP FLORIDA III,Hidráulica,hidraulica,2.3,0.0
392190,2021-04-25,8,193,HP FLORIDA III,Hidráulica,hidraulica,2.3,0.0
392862,2021-04-25,9,193,HP FLORIDA III,Hidráulica,hidraulica,2.3,0.0
393534,2021-04-25,10,193,HP FLORIDA III,Hidráulica,hidraulica,2.3,0.0
394206,2021-04-25,11,193,HP FLORIDA III,Hidráulica,hidraulica,2.3,0.0
394878,2021-04-25,12,193,HP FLORIDA III,Hidráulica,hidraulica,2.3,0.0
395550,2021-04-25,13,193,HP FLORIDA III,Hidráulica,hidraulica,2.3,0.0
396222,2021-04-25,14,193,HP FLORIDA III,Hidráulica,hidraulica,2.3,0.0
396894,2021-04-25,15,193,HP FLORIDA III,Hidráulica,hidraulica,2.3,0.0
397566,2021-04-25,16,193,HP FLORIDA III,Hidráulica,hidraulica,2.3,0.0
398238,2021-04-25,17,193,HP FLORIDA III,Hidráulica,hidraulica,2.3,0.0
398910,2021-04-25,18,193,HP FLORIDA III,Hidráulica,hidraulica,2.3,0.0
399582,2021-04-25,21,193,HP FLORIDA III,Hidráulica,hidraulica,2.3,0.0
400254,2021-04-25,22,193,HP FLORIDA III,Hidráulica,hidraulica,2.3,0.0
400926,2021-04-25,23,193,HP FLORIDA III,Hidráulica,hidraulica,2.3,0.0
401598,2021-04-25,24,193,HP FLORIDA III,Hidráulica,hidraulica,2.3,0.0
402402,2021-04-26,1,193,HP FLORIDA III,Hidráulica,hidraulica,2.3,0.0
402447,2021-04-26,8,193,HP FLORIDA III,Hidráulica,hidraulica,2.3,0.0
403646,2021-04-26,10,193,HP FLORIDA III,Hidráulica,hidraulica,2.3,0.0
403966,2021-04-26,2,193,HP FLORIDA III,Hidráulica,hidraulica,2.3,0.0
404967,2021-04-26,21,193,HP FLORIDA III,Hidráulica,hidraulica,2.3,0.0
405670,2021-04-26,3,193,HP FLORIDA III,Hidráulica,hidraulica,2.3,0.0
406044,2021-04-26,24,193,HP FLORIDA III,Hidráulica,hidraulica,2.3,0.0
406995,2021-04-26,4,193,HP FLORIDA III,Hidráulica,hidraulica,2.3,0.0
407670,2021-04-26,5,193,HP FLORIDA III,Hidráulica,hidraulica,2.3,0.0
408345,2021-04-26,6,193,HP FLORIDA III,Hidráulica,hidraulica,2.3,0.0
409020,2021-04-26,7,193,HP FLORIDA III,Hidráulica,hidraulica,2.3,0.0
409695,2021-04-26,9,193,HP FLORIDA III,Hidráulica,hidraulica,2.3,0.0
410370,2021-04-26,11,193,HP FLORIDA III,Hidráulica,hidraulica,2.3,0.0
411045,2021-04-26,12,193,HP FLORIDA III,Hidráulica,hidraulica,2.3,0.0
411720,2021-04-26,13,193,HP FLORIDA III,Hidráulica,hidraulica,2.3,0.0
412395,2021-04-26,14,193,HP FLORIDA III,Hidráulica,hidraulica,2.3,0.0
413070,2021-04-26,15,193,HP FLORIDA III,Hidráulica,hidraulica,2.3,0.0
413745,2021-04-26,16,193,HP FLORIDA III,Hidráulica,hidraulica,2.3,0.0
414420,2021-04-26,17,193,HP FLORIDA III,Hidráulica,hidraulica,2.3,0.0
415095,2021-04-26,18,193,HP FLORIDA III,Hidráulica,hidraulica,2.3,0.0
415770,2021-04-26,19,193,HP FLORIDA III,Hidráulica,hidraulica,2.3,0.0
416445,2021-04-26,20,193,HP FLORIDA III,Hidráulica,hidraulica,2.3,0.0
417120,2021-04-26,22,193,HP FLORIDA III,Hidráulica,hidraulica,2.3,0.0
417795,2021-04-26,23,193,HP FLORIDA III,Hidráulica,hidraulica,2.3,0.0
418597,2021-04-27,10,193,HP FLORIDA III,Hidráulica,hidraulica,2.3,0.0
418737,2021-04-27,1,193,HP FLORIDA III,Hidráulica,hidraulica,2.3,0.0
419962,2021-04-27,14,193,HP FLORIDA III,Hidráulica,hidraulica,2.3,0.0
420000,2021-04-27,2,193,HP FLORIDA III,Hidráulica,hidraulica,2.3,0.0
421260,2021-04-27,3,193,HP FLORIDA III,Hidráulica,hidraulica,2.3,0.0
421346,2021-04-27,23,193,HP FLORIDA III,Hidráulica,hidraulica,2.3,0.0
422502,2021-04-27,4,193,HP FLORIDA III,Hidráulica,hidraulica,2.2,0.0
423174,2021-04-27,5,193,HP FLORIDA III,Hidráulica,hidraulica,2.2,0.0
423846,2021-04-27,6,193,HP FLORIDA III,Hidráulica,hidraulica,2.2,0.0
424518,2021-04-27,7,193,HP FLORIDA III,Hidráulica,hidraulica,2.3,0.0
425190,2021-04-27,8,193,HP FLORIDA III,Hidráulica,hidraulica,2.3,0.0
425862,2021-04-27,9,193,HP FLORIDA III,Hidráulica,hidraulica,2.3,0.0
426534,2021-04-27,11,193,HP FLORIDA III,Hidráulica,hidraulica,2.3,0.0
427206,2021-04-27,12,193,HP FLORIDA III,Hidráulica,hidraulica,2.3,0.0
427878,2021-04-27,13,193,HP FLORIDA III,Hidráulica,hidraulica,2.3,0.0
428550,2021-04-27,15,193,HP FLORIDA III,Hidráulica,hidraulica,2.3,0.0
429222,2021-04-27,16,193,HP FLORIDA III,Hidráulica,hidraulica,2.3,0.0
429894,2021-04-27,17,193,HP FLORIDA III,Hidráulica,hidraulica,2.3,0.0
430566,2021-04-27,18,193,HP FLORIDA III,Hidráulica,hidraulica,2.3,0.0
431238,2021-04-27,19,193,HP FLORIDA III,Hidráulica,hidraulica,2.3,0.0
431910,2021-04-27,20,193,HP FLORIDA III,Hidráulica,hidraulica,2.3,0.0
432582,2021-04-27,21,193,HP FLORIDA III,Hidráulica,hidraulica,2.3,0.0
433254,2021-04-27,22,193,HP FLORIDA III,Hidráulica,hidraulica,2.3,0.0
433926,2021-04-27,24,193,HP FLORIDA III,Hidráulica,hidraulica,2.3,0.0
434654,2021-04-28,1,193,HP FLORIDA III,Hidráulica,hidraulica,2.3,0.0
434925,2021-04-28,12,193,HP FLORIDA III,Hidráulica,hidraulica,2.3,0.0
435480,2021-04-28,2,193,HP FLORIDA III,Hidráulica,hidraulica,2.3,0.0
436212,2021-04-28,3,193,HP FLORIDA III,Hidráulica,hidraulica,2.3,0.0
437069,2021-04-28,5,193,HP FLORIDA III,Hidráulica,hidraulica,2.3,0.0
438105,2021-04-28,6,193,HP FLORIDA III,Hidráulica,hidraulica,2.3,0.0
438236,2021-04-28,4,193,HP FLORIDA III,Hidráulica,hidraulica,2.3,0.0
439182,2021-04-28,7,193,HP FLORIDA III,Hidráulica,hidraulica,2.3,0.0
440087,2021-04-28,18,193,HP FLORIDA III,Hidráulica,hidraulica,2.3,0.0
440186,2021-04-28,8,193,HP FLORIDA III,Hidráulica,hidraulica,2.3,0.0
441128,2021-04-28,9,193,HP FLORIDA III,Hidráulica,hidraulica,2.3,0.0
442023,2021-04-28,10,193,HP FLORIDA III,Hidráulica,hidraulica,2.3,0.0
442698,2021-04-28,11,193,HP FLORIDA III,Hidráulica,hidraulica,2.3,0.0
443373,2021-04-28,13,193,HP FLORIDA III,Hidráulica,hidraulica,2.3,0.0
444048,2021-04-28,14,193,HP FLORIDA III,Hidráulica,hidraulica,2.3,0.0
444723,2021-04-28,15,193,HP FLORIDA III,Hidráulica,hidraulica,2.3,0.0
445398,2021-04-28,16,193,HP FLORIDA III,Hidráulica,hidraulica,2.3,0.0
446073,2021-04-28,17,193,HP FLORIDA III,Hidráulica,hidraulica,2.3,0.0
446748,2021-04-28,19,193,HP FLORIDA III,Hidráulica,hidraulica,2.3,0.0
447423,2021-04-28,20,193,HP FLORIDA III,Hidráulica,hidraulica,2.3,0.0
448098,2021-04-28,21,193,HP FLORIDA III,Hidráulica,hidraulica,2.3,0.0
448773,2021-04-28,22,193,HP FLORIDA III,Hidráulica,hidraulica,2.3,0.0
449448,2021-04-28,23,193,HP FLORIDA III,Hidráulica,hidraulica,2.3,0.0
450123,2021-04-28,24,193,HP FLORIDA III,Hidráulica,hidraulica,2.3,0.0
450934,2021-04-29,1,193,HP FLORIDA III,Hidráulica,hidraulica,2.3,0.0
450958,2021-04-29,2,193,HP FLORIDA III,Hidráulica,hidraulica,2.3,0.0
452273,2021-04-29,3,193,HP FLORIDA III,Hidráulica,hidraulica,2.3,0.0
452419,2021-04-29,14,193,HP FLORIDA III,Hidráulica,hidraulica,2.3,0.0
453292,2021-04-29,4,193,HP FLORIDA III,Hidráulica,hidraulica,2.3,0.0
454182,2021-04-29,5,193,HP FLORIDA III,Hidráulica,hidraulica,2.3,0.0
454541,2021-04-29,16,193,HP FLORIDA III,Hidráulica,hidraulica,2.3,0.0
455218,2021-04-29,6,193,HP FLORIDA III,Hidráulica,hidraulica,2.3,0.0
456216,2021-04-29,7,193,HP FLORIDA III,Hidráulica,hidraulica,2.3,0.0
456583,2021-04-29,17,193,HP FLORIDA III,Hidráulica,hidraulica,2.3,0.0
457244,2021-04-29,9,193,HP FLORIDA III,Hidráulica,hidraulica,2.3,0.0
458286,2021-04-29,18,193,HP FLORIDA III,Hidráulica,hidraulica,2.2,0.0
458501,2021-04-29,10,193,HP FLORIDA III,Hidráulica,hidraulica,2.3,0.0
459584,2021-04-29,11,193,HP FLORIDA III,Hidráulica,hidraulica,2.3,0.0
460131,2021-04-29,19,193,HP FLORIDA III,Hidráulica,hidraulica,2.3,0.0
460808,2021-04-29,12,193,HP FLORIDA III,Hidráulica,hidraulica,2.3,0.0
461465,2021-04-29,20,193,HP FLORIDA III,Hidráulica,hidraulica,2.3,0.0
462167,2021-04-29,13,193,HP FLORIDA III,Hidráulica,hidraulica,2.3,0.0
462658,2021-04-29,21,193,HP FLORIDA III,Hidráulica,hidraulica,2.2,0.0
463675,2021-04-29,22,193,HP FLORIDA III,Hidráulica,hidraulica,2.3,0.0
464088,2021-04-29,15,193,HP FLORIDA III,Hidráulica,hidraulica,2.3,0.0
464789,2021-04-29,23,193,HP FLORIDA III,Hidráulica,hidraulica,2.3,0.0
465776,2021-04-29,8,193,HP FLORIDA III,Hidráulica,hidraulica,2.3,0.0
465954,2021-04-29,24,193,HP FLORIDA III,Hidráulica,hidraulica,2.3,0.0
467160,2021-04-30,3,193,HP FLORIDA III,Hidráulica,hidraulica,2.3,0.0
467276,2021-04-30,2,193,HP FLORIDA III,Hidráulica,hidraulica,2.2,0.0
468416,2021-04-30,4,193,HP FLORIDA III,Hidráulica,hidraulica,2.3,0.0
468979,2021-04-30,5,193,HP FLORIDA III,Hidráulica,hidraulica,2.3,0.0
469815,2021-04-30,7,193,HP FLORIDA III,Hidráulica,hidraulica,2.2,0.0
470219,2021-04-30,17,193,HP FLORIDA III,Hidráulica,hidraulica,2.2,0.0
470941,2021-04-30,8,193,HP FLORIDA III,Hidráulica,hidraulica,2.2,0.0
471465,2021-04-30,22,193,HP FLORIDA III,Hidráulica,hidraulica,2.3,0.0
472386,2021-04-30,23,193,HP FLORIDA III,Hidráulica,hidraulica,2.2,0.0
473181,2021-04-30,9,193,HP FLORIDA III,Hidráulica,hidraulica,2.2,0.0
473437,2021-04-30,24,193,HP FLORIDA III,Hidráulica,hidraulica,2.2,0.0
474357,2021-04-30,1,193,HP FLORIDA III,Hidráulica,hidraulica,2.2,0.0
475200,2021-04-30,6,193,HP FLORIDA III,Hidráulica,hidraulica,2.3,0.0
475642,2021-04-30,10,193,HP FLORIDA III,Hidráulica,hidraulica,2.2,0.0
476163,2021-04-30,20,193,HP FLORIDA III,Hidráulica,hidraulica,2.2,0.0
476977,2021-04-30,21,193,HP FLORIDA III,Hidráulica,hidraulica,2.3,0.0
477902,2021-04-30,11,193,HP FLORIDA III,Hidráulica,hidraulica,2.2,0.0
478579,2021-04-30,12,193,HP FLORIDA III,Hidráulica,hidraulica,2.2,0.0
479256,2021-04-30,13,193,HP FLORIDA III,Hidráulica,hidraulica,2.2,0.0
479933,2021-04-30,14,193,HP FLORIDA III,Hidráulica,hidraulica,2.2,0.0
480610,2021-04-30,15,193,HP FLORIDA III,Hidráulica,hidraulica,2.3,0.0
481287,2021-04-30,16,193,HP FLORIDA III,Hidráulica,hidraulica,2.3,0.0
481964,2021-04-30,18,193,HP FLORIDA III,Hidráulica,hidraulica,2.2,0.0
482641,2021-04-30,19,193,HP FLORIDA III,Hidráulica,hidraulica,2.2,0.0
